{
  "drive": {
    "p": 0.08743725,
    "i": 0.0,
    "d": 0.0,
    "f": 2.484,
    "iz": 0
  },
  "angle": {
    "p": 0.04008433,
    "i": 0,
    "d": 0.0025,
    "f": 0.0002,
    "iz": 0
  }
}