{
  "drive": {
    "p": 0.0011261,
    "i": 0.0,
    "d": 0.005,
    "f": 0,
    "iz": 0
  },
  "angle": {
    "p": 0.04008433,
    "i": 0,
    "d": 0.00125,
    "f": 0.00025,
    "iz": 0
  }
}
